scan_id,tube_label,notes
CT-001,B3-5,
CT-002,B3-1,
CT-003,B3-3,slight stage drift
CT-004,B3-2,
CT-005,B3-4,
CT-006,B6-4,
CT-007,?,label smudged
CT-008,B1-4,
CT-009,B5-1,
CT-010,B1-1,recalibrated before scan
CT-011,B2-5,
CT-012,B4-2,rescan?
CT-013,B5-5,
CT-014,B1-3,
CT-015,B1-5,
CT-016,B2-4,
CT-017,B1-2,
CT-018,B5-2,
CT-019,B4-2,rescan?
CT-020,B4-1,
CT-021,B5-3,
CT-022,B2-1,
CT-023,B2-2,
CT-024,?,label smudged
CT-025,B4-5,power blip during scan
CT-026,B4-3,
CT-027,B6-1,
CT-028,B6-5,
CT-029,B6-3,
CT-030,B4-4,
CT-031,B3-6,
